,item_id,name_real,name,critical_short,bio,bio_spr,critical,critical_world,X,asterisk,pro,verb_match,adj,np,spillover,spill1,spill2,period,post_verb,critical_full,name_original,name_lenth,gender,lifetime,lifetime_distractor,type,tense,mm,list,match,bare,Unique_ID,prac_correct,prac_incorrect
1,2,Richard Nixon,Glenn Lockhart,He*has appeared*in prominent*political debates.,Glenn Lockhart was an American politician. He died in New York.,Glenn Lockhart*was*an American*politician.*He*died*in New York.,"He*has appeared*in prominent*political debates,*according to*Wikipedia.","Richard Nixon*has appeared*in prominent*political debates,*according to*Wikipedia.",His election received international attention.,4,He,has appeared,in prominent,political debates,in his lifetime,according to,Wikipedia,0,in prominent political debates in his lifetime.,He has appeared in prominent political debates in his lifetime.,Richard Nixon,13,male,dead,alive,critical,PP,deadPP,1,no,appear,12111,crit,crit
2,2,Richard Nixon,Glenn Lockhart,He*appeared*in prominent*political debates.,Glenn Lockhart was an American politician. He died in New York.,Glenn Lockhart*was*an American*politician.*He*died*in New York.,"He*appeared*in prominent*political debates,*according to*Wikipedia.","Richard Nixon*appeared*in prominent*political debates,*according to*Wikipedia.",His election received international attention.,4,He,appeared,in prominent,political debates,in his lifetime,according to,Wikipedia,0,in prominent political debates in his lifetime.,He appeared in prominent political debates in his lifetime.,Richard Nixon,13,male,dead,alive,critical,PS,deadPS,2,no,appear,12122,crit,crit
3,2,Justin Trudeau,Glenn Lockhart,He*has appeared*in prominent*political debates.,Glenn Lockhart is a Canadian politician. He lives in Ottawa.,Glenn Lockhart*is*a Canadian*politician.*He*lives*in Ottawa.,"He*has appeared*in prominent*political debates,*according to*Wikipedia.","Justin Trudeau*has appeared*in prominent*political debates,*according to*Wikipedia.",His election received international attention.,4,He,has appeared,in prominent,political debates,in his lifetime,according to,Wikipedia,0,in prominent political debates in his lifetime.,He has appeared in prominent political debates in his lifetime.,Justin Trudeau,14,male,alive,dead,critical,PP,livingPP,3,yes,appear,12013,crit,crit
4,2,Justin Trudeau,Glenn Lockhart,He*appeared*in prominent*political debates.,Glenn Lockhart is a Canadian politician. He lives in Ottawa.,Glenn Lockhart*is*a Canadian*politician.*He*lives*in Ottawa.,"He*appeared*in prominent*political debates,*according to*Wikipedia.","Justin Trudeau*appeared*in prominent*political debates,*according to*Wikipedia.",His election received international attention.,4,He,appeared,in prominent,political debates,in his lifetime,according to,Wikipedia,0,in prominent political debates in his lifetime.,He appeared in prominent political debates in his lifetime.,Justin Trudeau,14,male,alive,dead,critical,PS,livingPS,4,yes,appear,12024,crit,crit
5,3,Whitney Houston,Sophie Laverty,She*has appeared*in popular*music videos.,Sophie Laverty was an American singer. She died in Beverly Hills.,Sophie Laverty*was*an American*singer.*She*died*in Beverly Hills.,"She*has appeared*in popular*music videos,*as stated in*her memoir.","Whitney Houston*has appeared*in popular*music videos,*as stated in*her memoir.",Her first album was a critical success.,4,She,has appeared,in popular,music videos,in her career,as stated in,her memoir,0,in popular music videos in her career.,She has appeared in popular music videos in her career.,Whitney Houston,15,female,dead,alive,critical,PP,deadPP,2,no,appear,13114,crit,crit
6,3,Whitney Houston,Sophie Laverty,She*appeared*in popular*music videos.,Sophie Laverty was an American singer. She died in Beverly Hills.,Sophie Laverty*was*an American*singer.*She*died*in Beverly Hills.,"She*appeared*in popular*music videos,*as stated in*her memoir.","Whitney Houston*appeared*in popular*music videos,*as stated in*her memoir.",Her first album was a critical success.,4,She,appeared,in popular,music videos,in her career,as stated in,her memoir,0,in popular music videos in her career.,She appeared in popular music videos in her career.,Whitney Houston,15,female,dead,alive,critical,PS,deadPS,3,no,appear,13123,crit,crit
7,3,Shakira,Sophie Laverty,She*appeared*in popular*music videos.,Sophie Laverty is a Colombian singer. She lives in Barcelona.,Sophie Laverty*is*a Colombian*singer.*She*lives*in Barcelona.,"She*appeared*in popular*music videos,*as stated in*her memoir.","Shakira*appeared*in popular*music videos,*as stated in*her memoir.",Her first album was a critical success.,4,She,appeared,in popular,music videos,in her career,as stated in,her memoir,0,in popular music videos in her career.,She appeared in popular music videos in her career.,Shakira,7,female,alive,dead,critical,PS,livingPS,1,yes,appear,13021,crit,crit
8,3,Shakira,Sophie Laverty,She*has appeared*in popular*music videos.,Sophie Laverty is a Colombian singer. She lives in Barcelona.,Sophie Laverty*is*a Colombian*singer.*She*lives*in Barcelona.,"She*has appeared*in popular*music videos,*as stated in*her memoir.","Shakira*has appeared*in popular*music videos,*as stated in*her memoir.",Her first album was a critical success.,4,She,has appeared,in popular,music videos,in her career,as stated in,her memoir,0,in popular music videos in her career.,She has appeared in popular music videos in her career.,Shakira,7,female,alive,dead,critical,PP,livingPP,4,yes,appear,13012,crit,crit
9,10,Jimi Hendrix,Jim Jimmy,He*has performed*in numerous*music festivals.,Jim Jimmy was an American musician. He died in London.,Jim Jimmy*was*an American*musician.*He*died*in London.,"He*has performed*in numerous*music festivals,*as reported by*his biographer.","Jimi Hendrix*has performed*in numerous*music festivals,*as reported by*his biographer.",His musical talents began at an early age.,4,He,has performed,in numerous,music festivals,through the years,as reported by,his biographer,0,in numerous music festivals through the years.,He has performed in numerous music festivals through the years.,Jimi Hendrix,12,male,dead,alive,critical,PP,deadPP,3,no,perform,110111,crit,crit
10,10,Jimi Hendrix,Jim Jimmy,He*performed*in numerous*music festivals.,Jim Jimmy was an American musician. He died in London.,Jim Jimmy*was*an American*musician.*He*died*in London.,"He*performed*in numerous*music festivals,*as reported by*his biographer.","Jimi Hendrix*performed*in numerous*music festivals,*as reported by*his biographer.",His musical talents began at an early age.,4,He,performed,in numerous,music festivals,through the years,as reported by,his biographer,0,in numerous music festivals through the years.,He performed in numerous music festivals through the years.,Jimi Hendrix,12,male,dead,alive,critical,PS,deadPS,4,no,perform,110122,crit,crit
11,10,Elton John,Jim Jimmy,He*has performed*in numerous*music festivals.,Jim Jimmy is an English musician. He lives in Windsor.,Jim Jimmy*is*an English*musician.*He*lives*in Windsor.,"He*has performed*in numerous*music festivals,*as reported by*his biographer.","Elton John*has performed*in numerous*music festivals,*as reported by*his biographer.",His musical talents began at an early age.,4,He,has performed,in numerous,music festivals,through the years,as reported by,his biographer,0,in numerous music festivals through the years.,He has performed in numerous music festivals through the years.,Elton John,10,male,alive,dead,critical,PP,livingPP,1,yes,perform,110013,crit,crit
12,10,Elton John,Jim Jimmy,He*performed*in numerous*music festivals.,Jim Jimmy is an English musician. He lives in Windsor.,Jim Jimmy*is*an English*musician.*He*lives*in Windsor.,"He*performed*in numerous*music festivals,*as reported by*his biographer.","Elton John*performed*in numerous*music festivals,*as reported by*his biographer.",His musical talents began at an early age.,4,He,performed,in numerous,music festivals,through the years,as reported by,his biographer,0,in numerous music festivals through the years.,He performed in numerous music festivals through the years.,Elton John,10,male,alive,dead,critical,PS,livingPS,2,yes,perform,110024,crit,crit
13,13,Amy Winehouse,Kim McDermid,She*performed*in prestigious*arenas.,Kim McDermid was a British singer. She died in London.,Kim McDermid*was*a British*singer.*She*died*in London.,"She*performed*in prestigious*arenas,*so her*website states.","Amy Winehouse*performed*in prestigious*arenas,*so her*website states.",Her songs are recognised around the world.,4,She,performed,in prestigious,arenas,over time,so her,website states,0,in prestigious arenas over time.,She performed in prestigious arenas over time.,Amy Winehouse,13,female,dead,alive,critical,PS,deadPS,1,no,perform,113124,crit,crit
14,13,Amy Winehouse,Kim McDermid,She*has performed*in prestigious*arenas.,Kim McDermid was a British singer. She died in London.,Kim McDermid*was*a British*singer.*She*died*in London.,"She*has performed*in prestigious*arenas,*so her*website states.","Amy Winehouse*has performed*in prestigious*arenas,*so her*website states.",Her songs are recognised around the world.,4,She,has performed,in prestigious,arenas,over time,so her,website states,0,in prestigious arenas over time.,She has performed in prestigious arenas over time.,Amy Winehouse,13,female,dead,alive,critical,PP,deadPP,4,no,perform,113113,crit,crit
15,13,Beyoncé,Kim McDermid,She*has performed*in prestigious*arenas.,Kim McDermid is an American singer. She lives in Los Angeles.,Kim McDermid*is*an American*singer.*She*lives*in Los Angeles.,"She*has performed*in prestigious*arenas,*so her*website states.","Beyoncé*has performed*in prestigious*arenas,*so her*website states.",Her songs are recognised around the world.,4,She,has performed,in prestigious,arenas,over time,so her,website states,0,in prestigious arenas over time.,She has performed in prestigious arenas over time.,Beyoncé,7,female,alive,dead,critical,PP,livingPP,2,yes,perform,113011,crit,crit
16,13,Beyoncé,Kim McDermid,She*performed*in prestigious*arenas.,Kim McDermid is an American singer. She lives in Los Angeles.,Kim McDermid*is*an American*singer.*She*lives*in Los Angeles.,"She*performed*in prestigious*arenas,*so her*website states.","Beyoncé*performed*in prestigious*arenas,*so her*website states.",Her songs are recognised around the world.,4,She,performed,in prestigious,arenas,over time,so her,website states,0,in prestigious arenas over time.,She performed in prestigious arenas over time.,Beyoncé,7,female,alive,dead,critical,PS,livingPS,3,yes,perform,113022,crit,crit
17,22,David Bowie,Mack McKay,He*has played*numerous*concerts.,Mack McKay was a British singer. He died in New York.,Mack McKay*was*a British*singer.*He*died*in New York.,"He*has played*numerous*concerts,*according to*his memoir.","David Bowie*has played*numerous*concerts,*according to*his memoir.",His early years were infamously ,4,He,has played,numerous,concerts,in his lifetime,according to,his memoir,0,numerous concerts in his lifetime.,He has played numerous concerts in his lifetime.,David Bowie,11,male,dead,alive,critical,PP,deadPP,1,no,play,122111,crit,crit
18,22,David Bowie,Mack McKay,He*played*numerous*concerts.,Mack McKay was a British singer. He died in New York.,Mack McKay*was*a British*singer.*He*died*in New York.,"He*played*numerous*concerts,*according to*his memoir.","David Bowie*played*numerous*concerts,*according to*his memoir.",His early stage performances were legendary.,4,He,played,numerous,concerts,in his lifetime,according to,his memoir,0,numerous concerts in his lifetime.,He played numerous concerts in his lifetime.,David Bowie,11,male,dead,alive,critical,PS,deadPS,2,no,play,122122,crit,crit
19,22,Mick Jagger,Mack McKay,He*has played*numerous*concerts.,Mack McKay is a British singer. He lives in London.,Mack McKay*is*a British*singer.*He*lives*in London.,"He*has played*numerous*concerts,*according to*his memoir.","Mick Jagger*has played*numerous*concerts,*according to*his memoir.",His early stage performances were legendary.,4,He,has played,numerous,concerts,in his lifetime,according to,his memoir,0,numerous concerts in his lifetime.,He has played numerous concerts in his lifetime.,Mick Jagger,11,male,alive,dead,critical,PP,livingPP,3,yes,play,122013,crit,crit
20,22,Mick Jagger,Mack McKay,He*played*numerous*concerts.,Mack McKay is a British singer. He lives in London.,Mack McKay*is*a British*singer.*He*lives*in London.,"He*played*numerous*concerts,*according to*his memoir.","Mick Jagger*played*numerous*concerts,*according to*his memoir.",His early stage performances were legendary.,4,He,played,numerous,concerts,in his lifetime,according to,his memoir,0,numerous concerts in his lifetime.,He played numerous concerts in his lifetime.,Mick Jagger,11,male,alive,dead,critical,PS,livingPS,4,yes,play,122024,crit,crit
21,23,Janis Joplin,Jackie Lang,She*has played*in numerous*packed arenas.,Jackie Lang was an American singer. She died in Los Angeles.,Jackie Lang*was*an American*singer.*She*died*in Los Angeles.,"She*has played*in numerous*packed arenas,*as stated in*her biography.","Janis Joplin*has played*in numerous*packed arenas,*as stated in*her biography.",,4,She,has played,in numerous,packed arenas,in her career,as stated in,her biography,0,in numerous packed arenas in her career.,She has played in numerous packed arenas in her career.,Janis Joplin,12,female,dead,alive,critical,PP,deadPP,2,no,play,123114,crit,crit
22,23,Janis Joplin,Jackie Lang,She*played*in numerous*packed arenas.,Jackie Lang was an American singer. She died in Los Angeles.,Jackie Lang*was*an American*singer.*She*died*in Los Angeles.,"She*played*in numerous*packed arenas,*as stated in*her biography.","Janis Joplin*played*in numerous*packed arenas,*as stated in*her biography.",,4,She,played,in numerous,packed arenas,in her career,as stated in,her biography,0,in numerous packed arenas in her career.,She played in numerous packed arenas in her career.,Janis Joplin,12,female,dead,alive,critical,PS,deadPS,3,no,play,123123,crit,crit
23,23,Janet Jackson,Jackie Lang,She*played*in numerous*packed arenas.,Jackie Lang is an American singer. She lives in Los Angeles.,Jackie Lang*is*an American*singer.*She*lives*in Los Angeles.,"She*played*in numerous*packed arenas,*as stated in*her biography.","Janet Jackson*played*in numerous*packed arenas,*as stated in*her biography.",Her contributions to music earned her a,4,She,played,in numerous,packed arenas,in her career,as stated in,her biography,0,in numerous packed arenas in her career.,She played in numerous packed arenas in her career.,Janet Jackson,13,female,alive,dead,critical,PS,livingPS,1,yes,play,123021,crit,crit
24,23,Janet Jackson,Jackie Lang,She*has played*in numerous*packed arenas.,Jackie Lang is an American singer. She lives in Los Angeles.,Jackie Lang*is*an American*singer.*She*lives*in Los Angeles.,"She*has played*in numerous*packed arenas,*as stated in*her biography.","Janet Jackson*has played*in numerous*packed arenas,*as stated in*her biography.",,4,She,has played,in numerous,packed arenas,in her career,as stated in,her biography,0,in numerous packed arenas in her career.,She has played in numerous packed arenas in her career.,Janet Jackson,13,female,alive,dead,critical,PP,livingPP,4,yes,play,123012,crit,crit
25,28,Sir Christopher Lee,Orville Williams,He*has received*prestigious*acting awards.,Orville Williams was a British actor. He died in London.,Orville Williams*was*a British*actor.*He*died*in London.,"He*has received*prestigious*acting awards,*as reported by*his website.","Sir Christopher Lee*has received*prestigious*acting awards,*as reported by*his website.",His performances earned him a CBE. ,4,He,has received,prestigious,acting awards,through the years,as reported by,his website,0,prestigious acting awards through the years.,He has received prestigious acting awards through the years.,Sir Christopher Lee,19,male,dead,alive,critical,PP,deadPP,3,no,receive,128112,crit,crit
26,28,Sir Christopher Lee,Orville Williams,He*received*prestigious*acting awards.,Orville Williams was a British actor. He died in London.,Orville Williams*was*a British*actor.*He*died*in London.,"He*received*prestigious*acting awards,*as reported by*his website.","Sir Christopher Lee*received*prestigious*acting awards,*as reported by*his website.",His performances earned him a CBE. ,4,He,received,prestigious,acting awards,through the years,as reported by,his website,0,prestigious acting awards through the years.,He received prestigious acting awards through the years.,Sir Christopher Lee,19,male,dead,alive,critical,PS,deadPS,4,no,receive,128121,crit,crit
27,28,Benedict Cumberbatch,Orville Williams,He*has received*prestigious*acting awards.,Orville Williams is a British actor. He lives in London.,Orville Williams*is*a British*actor.*He*lives*in London.,"He*has received*prestigious*acting awards,*as reported by*his website.","Benedict Cumberbatch*has received*prestigious*acting awards,*as reported by*his website.",His performances earned him a CBE. ,4,He,has received,prestigious,acting awards,through the years,as reported by,his website,0,prestigious acting awards through the years.,He has received prestigious acting awards through the years.,Benedict Cumberbatch,20,male,alive,dead,critical,PP,livingPP,1,yes,receive,128014,crit,crit
28,28,Benedict Cumberbatch,Orville Williams,He*received*prestigious*acting awards.,Orville Williams is a British actor. He lives in London.,Orville Williams*is*a British*actor.*He*lives*in London.,"He*received*prestigious*acting awards,*as reported by*his website.","Benedict Cumberbatch*received*prestigious*acting awards,*as reported by*his website.",His performances earned him a CBE. ,4,He,received,prestigious,acting awards,through the years,as reported by,his website,0,prestigious acting awards through the years.,He received prestigious acting awards through the years.,Benedict Cumberbatch,20,male,alive,dead,critical,PS,livingPS,2,yes,receive,128023,crit,crit
29,31,Mother Teresa,Lynn Burnham,She*received*prestigious*activism awards.,Lynn Burnham was an Albanian-Indian missionary. She died in Kolkata.,Lynn Burnham*was*an Albanian-Indian*missionary.*She*died*in Kolkata.,"She*received*prestigious*activism awards,*so her*Wikipedia page states.","Mother Teresa*received*prestigious*activism awards,*so her*Wikipedia page states.",Her charitable work ,4,She,received,prestigious,activism awards,over time,so her,Wikipedia page states,0,prestigious activism awards over time.,She received prestigious activism awards over time.,Mother Teresa,13,female,dead,alive,critical,PS,deadPS,1,no,receive,131123,crit,crit
30,31,Mother Teresa,Lynn Burnham,She*has received*prestigious*activism awards.,Lynn Burnham was an Albanian-Indian missionary. She died in Kolkata.,Lynn Burnham*was*an Albanian-Indian*missionary.*She*died*in Kolkata.,"She*has received*prestigious*activism awards,*so her*Wikipedia page states.","Mother Teresa*has received*prestigious*activism awards,*so her*Wikipedia page states.",,4,She,has received,prestigious,activism awards,over time,so her,Wikipedia page states,0,prestigious activism awards over time.,She has received prestigious activism awards over time.,Mother Teresa,13,female,dead,alive,critical,PP,deadPP,4,no,receive,131114,crit,crit
31,31,Malala,Lynn Burnham,She*has received*prestigious*activism awards.,Lynn Burnham is a Pakistani activist. She lives in Birmingham.,Lynn Burnham*is*a Pakistani*activist.*She*lives*in Birmingham.,"She*has received*prestigious*activism awards,*so her*Wikipedia page states.","Malala*has received*prestigious*activism awards,*so her*Wikipedia page states.",,4,She,has received,prestigious,activism awards,over time,so her,Wikipedia page states,0,prestigious activism awards over time.,She has received prestigious activism awards over time.,Malala,6,female,alive,dead,critical,PP,livingPP,2,yes,receive,131012,crit,crit
32,31,Malala,Lynn Burnham,She*received*prestigious*activism awards.,Lynn Burnham is a Pakistani activist. She lives in Birmingham.,Lynn Burnham*is*a Pakistani*activist.*She*lives*in Birmingham.,"She*received*prestigious*activism awards,*so her*Wikipedia page states.","Malala*received*prestigious*activism awards,*so her*Wikipedia page states.",,4,She,received,prestigious,activism awards,over time,so her,Wikipedia page states,0,prestigious activism awards over time.,She received prestigious activism awards over time.,Malala,6,female,alive,dead,critical,PS,livingPS,3,yes,receive,131021,crit,crit
33,35,Romy Schneider,Eve Quinn,She*has released*well-received*movies.,Eve Quinn was an Austrian actor. She died in Paris.,Eve Quinn*was*an Austrian*actor.*She*died*in Paris.,"She*has released*well-received*movies,*according to*her biographer.","Romy Schneider*has released*well-received*movies,*according to*her biographer.",,4,She,has released,well-received,movies,in her lifetime,according to,her biographer,0,well-received movies in her lifetime.,She has released well-received movies in her lifetime.,Romy Schneider,14,female,dead,alive,critical,PP,deadPP,1,no,release,135114,crit,crit
34,35,Romy Schneider,Eve Quinn,She*released*well-received*movies.,Eve Quinn was an Austrian actor. She died in Paris.,Eve Quinn*was*an Austrian*actor.*She*died*in Paris.,"She*released*well-received*movies,*according to*her biographer.","Romy Schneider*released*well-received*movies,*according to*her biographer.",,4,She,released,well-received,movies,in her lifetime,according to,her biographer,0,well-received movies in her lifetime.,She released well-received movies in her lifetime.,Romy Schneider,14,female,dead,alive,critical,PS,deadPS,2,no,release,135123,crit,crit
35,35,Meryl Streep,Eve Quinn,She*has released*well-received*movies.,Eve Quinn is an American actor. She lives in Connecticut.,Eve Quinn*is*an American*actor.*She*lives*in Connecticut.,"She*has released*well-received*movies,*according to*her biographer.","Meryl Streep*has released*well-received*movies,*according to*her biographer.",,4,She,has released,well-received,movies,in her lifetime,according to,her biographer,0,well-received movies in her lifetime.,She has released well-received movies in her lifetime.,Meryl Streep,12,female,alive,dead,critical,PP,livingPP,3,yes,release,135012,crit,crit
36,35,Meryl Streep,Eve Quinn,She*released*well-received*movies.,Eve Quinn is an American actor. She lives in Connecticut.,Eve Quinn*is*an American*actor.*She*lives*in Connecticut.,"She*released*well-received*movies,*according to*her biographer.","Meryl Streep*released*well-received*movies,*according to*her biographer.",,4,She,released,well-received,movies,in her lifetime,according to,her biographer,0,well-received movies in her lifetime.,She released well-received movies in her lifetime.,Meryl Streep,12,female,alive,dead,critical,PS,livingPS,4,yes,release,135021,crit,crit
37,39,Agatha Christie,Laura Hall,She*has released*critically acclaimed*novels.,Laura Hall was a British author. She died in Oxfordshire.,Laura Hall*was*a British*author.*She*died*in Oxfordshire.,"She*has released*critically acclaimed*novels,*as stated on*her website.","Agatha Christie*has released*critically acclaimed*novels,*as stated on*her website.",,4,She,has released,critically acclaimed,novels,in her career,as stated on,her website,0,critically acclaimed novels in her career.,She has released critically acclaimed novels in her career.,Agatha Christie,15,female,dead,alive,critical,PP,deadPP,2,no,release,139114,crit,crit
38,39,Agatha Christie,Laura Hall,She*released*critically acclaimed*novels.,Laura Hall was a British author. She died in Oxfordshire.,Laura Hall*was*a British*author.*She*died*in Oxfordshire.,"She*released*critically acclaimed*novels,*as stated on*her website.","Agatha Christie*released*critically acclaimed*novels,*as stated on*her website.",,4,She,released,critically acclaimed,novels,in her career,as stated on,her website,0,critically acclaimed novels in her career.,She released critically acclaimed novels in her career.,Agatha Christie,15,female,dead,alive,critical,PS,deadPS,3,no,release,139123,crit,crit
39,39,J.K. Rowling,Laura Hall,She*released*critically acclaimed*novels.,Laura Hall is a British author. She lives in Scotland.,Laura Hall*is*a British*author.*She*lives*in Scotland.,"She*released*critically acclaimed*novels,*as stated on*her website.","J.K. Rowling*released*critically acclaimed*novels,*as stated on*her website.",,4,She,released,critically acclaimed,novels,in her career,as stated on,her website,0,critically acclaimed novels in her career.,She released critically acclaimed novels in her career.,J.K. Rowling,12,female,alive,dead,critical,PS,livingPS,1,yes,release,139021,crit,crit
40,39,J.K. Rowling,Laura Hall,She*has released*critically acclaimed*novels.,Laura Hall is a British author. She lives in Scotland.,Laura Hall*is*a British*author.*She*lives*in Scotland.,"She*has released*critically acclaimed*novels,*as stated on*her website.","J.K. Rowling*has released*critically acclaimed*novels,*as stated on*her website.",,4,She,has released,critically acclaimed,novels,in her career,as stated on,her website,0,critically acclaimed novels in her career.,She has released critically acclaimed novels in her career.,J.K. Rowling,12,female,alive,dead,critical,PP,livingPP,4,yes,release,139012,crit,crit
41,42,Mark Twain,John Carlo,He*has sold*well-received*novels.,John Carlo was an American author. He died in Connecticut.,John Carlo*was*an American*author.*He*died*in Connecticut.,"He*has sold*well-received*novels,*as reported by*Wikipedia.","Mark Twain*has sold*well-received*novels,*as reported by*Wikipedia.",,4,He,has sold,well-received,novels,through the years,as reported by,Wikipedia,0,well-received novels through the years.,He has sold well-received novels through the years.,Mark Twain,10,male,dead,alive,critical,PP,deadPP,3,no,sell,142111,crit,crit
42,42,Mark Twain,John Carlo,He*sold*well-received*novels.,John Carlo was an American author. He died in Connecticut.,John Carlo*was*an American*author.*He*died*in Connecticut.,"He*sold*well-received*novels,*as reported by*Wikipedia.","Mark Twain*sold*well-received*novels,*as reported by*Wikipedia.",,4,He,sold,well-received,novels,through the years,as reported by,Wikipedia,0,well-received novels through the years.,He sold well-received novels through the years.,Mark Twain,10,male,dead,alive,critical,PS,deadPS,4,no,sell,142122,crit,crit
43,42,George R.R. Martin,John Carlo,He*has sold*well-received*novels.,John Carlo is an American author. He lives in Santa Fe.,John Carlo*is*an American*author.*He*lives*in Santa Fe.,"He*has sold*well-received*novels,*as reported by*Wikipedia.","George R.R. Martin*has sold*well-received*novels,*as reported by*Wikipedia.",,4,He,has sold,well-received,novels,through the years,as reported by,Wikipedia,0,well-received novels through the years.,He has sold well-received novels through the years.,George R.R. Martin,18,male,alive,dead,critical,PP,livingPP,1,yes,sell,142013,crit,crit
44,42,George R.R. Martin,John Carlo,He*sold*well-received*novels.,John Carlo is an American author. He lives in Santa Fe.,John Carlo*is*an American*author.*He*lives*in Santa Fe.,"He*sold*well-received*novels,*as reported by*Wikipedia.","George R.R. Martin*sold*well-received*novels,*as reported by*Wikipedia.",,4,He,sold,well-received,novels,through the years,as reported by,Wikipedia,0,well-received novels through the years.,He sold well-received novels through the years.,George R.R. Martin,18,male,alive,dead,critical,PS,livingPS,2,yes,sell,142024,crit,crit
45,45,Prince,Sean Jackson,He*sold*popular*records.,Sean Jackson was an American singer. He died in Minnesota.,Sean Jackson*was*an American*singer.*He*died*in Minnesota.,"He*sold*popular*records,*so his*memoir says.","Prince*sold*popular*records,*so his*memoir says.",,4,He,sold,popular,records,over time,so his,memoir says,0,popular records over time.,He sold popular records over time.,Prince,6,male,dead,alive,critical,PS,deadPS,1,no,sell,145124,crit,crit
46,45,Prince,Sean Jackson,He*has sold*popular*records.,Sean Jackson was an American singer. He died in Minnesota.,Sean Jackson*was*an American*singer.*He*died*in Minnesota.,"He*has sold*popular*records,*so his*memoir says.","Prince*has sold*popular*records,*so his*memoir says.",,4,He,has sold,popular,records,over time,so his,memoir says,0,popular records over time.,He has sold popular records over time.,Prince,6,male,dead,alive,critical,PP,deadPP,4,no,sell,145113,crit,crit
47,45,Kendrick Lamar,Sean Jackson,He*has sold*popular*records.,Sean Jackson is an American singer. He lives in Los Angeles.,Sean Jackson*is*an American*singer.*He*lives*in Los Angeles.,"He*has sold*popular*records,*so his*memoir says.","Kendrick Lamar*has sold*popular*records,*so his*memoir says.",,4,He,has sold,popular,records,over time,so his,memoir says,0,popular records over time.,He has sold popular records over time.,Kendrick Lamar,14,male,alive,dead,critical,PP,livingPP,2,yes,sell,145011,crit,crit
48,45,Kendrick Lamar,Sean Jackson,He*sold*popular*records.,Sean Jackson is an American singer. He lives in Los Angeles.,Sean Jackson*is*an American*singer.*He*lives*in Los Angeles.,"He*sold*popular*records,*so his*memoir says.","Kendrick Lamar*sold*popular*records,*so his*memoir says.",,4,He,sold,popular,records,over time,so his,memoir says,0,popular records over time.,He sold popular records over time.,Kendrick Lamar,14,male,alive,dead,critical,PS,livingPS,3,yes,sell,145022,crit,crit
49,49,Jimmy Stewart,Mark McKay,He*has starred*in critically acclaimed*film productions.,Mark McKay was an American actor. He died in Beverly Hills.,Mark McKay*was*an American*actor.*He*died*in Beverly Hills.,"He*has starred*in critically acclaimed*film productions,*according to*his website.","Jimmy Stewart*has starred*in critically acclaimed*film productions,*according to*his website.",,4,He,has starred,in critically acclaimed,film productions,in his lifetime,according to,his website,0,in critically acclaimed film productions in his lifetime.,He has starred in critically acclaimed film productions in his lifetime.,Jimmy Stewart,13,male,dead,alive,critical,PP,deadPP,1,no,star,149113,crit,crit
50,49,Jimmy Stewart,Mark McKay,He*starred*in critically acclaimed*film productions.,Mark McKay was an American actor. He died in Beverly Hills.,Mark McKay*was*an American*actor.*He*died*in Beverly Hills.,"He*starred*in critically acclaimed*film productions,*according to*his website.","Jimmy Stewart*starred*in critically acclaimed*film productions,*according to*his website.",,4,He,starred,in critically acclaimed,film productions,in his lifetime,according to,his website,0,in critically acclaimed film productions in his lifetime.,He starred in critically acclaimed film productions in his lifetime.,Jimmy Stewart,13,male,dead,alive,critical,PS,deadPS,2,no,star,149124,crit,crit
51,49,Brad Pitt,Mark McKay,He*has starred*in critically acclaimed*film productions.,Mark McKay is an American actor. He lives in Los Angeles.,Mark McKay*is*an American*actor.*He*lives*in Los Angeles.,"He*has starred*in critically acclaimed*film productions,*according to*his website.","Brad Pitt*has starred*in critically acclaimed*film productions,*according to*his website.",,4,He,has starred,in critically acclaimed,film productions,in his lifetime,according to,his website,0,in critically acclaimed film productions in his lifetime.,He has starred in critically acclaimed film productions in his lifetime.,Brad Pitt,9,male,alive,dead,critical,PP,livingPP,3,yes,star,149011,crit,crit
52,49,Brad Pitt,Mark McKay,He*starred*in critically acclaimed*film productions.,Mark McKay is an American actor. He lives in Los Angeles.,Mark McKay*is*an American*actor.*He*lives*in Los Angeles.,"He*starred*in critically acclaimed*film productions,*according to*his website.","Brad Pitt*starred*in critically acclaimed*film productions,*according to*his website.",,4,He,starred,in critically acclaimed,film productions,in his lifetime,according to,his website,0,in critically acclaimed film productions in his lifetime.,He starred in critically acclaimed film productions in his lifetime.,Brad Pitt,9,male,alive,dead,critical,PS,livingPS,4,yes,star,149022,crit,crit
53,54,Alan Rickman,Tom Biordi,He*has starred*in well-received*dramas.,Tom Biordi was a British actor. He died in London.,Tom Biordi*was*a British*actor.*He*died*in London.,"He*has starred*in well-received*dramas,*as stated on*Wikipedia.","Alan Rickman*has starred*in well-received*dramas,*as stated on*Wikipedia.",,4,He,has starred,in well-received,dramas,in his career,as stated on,Wikipedia,0,in well-received dramas in his career.,He has starred in well-received dramas in his career.,Alan Rickman,12,male,dead,alive,critical,PP,deadPP,2,no,star,154111,crit,crit
54,54,Alan Rickman,Tom Biordi,He*starred*in well-received*dramas.,Tom Biordi was a British actor. He died in London.,Tom Biordi*was*a British*actor.*He*died*in London.,"He*starred*in well-received*dramas,*as stated on*Wikipedia.","Alan Rickman*starred*in well-received*dramas,*as stated on*Wikipedia.",,4,He,starred,in well-received,dramas,in his career,as stated on,Wikipedia,0,in well-received dramas in his career.,He starred in well-received dramas in his career.,Alan Rickman,12,male,dead,alive,critical,PS,deadPS,3,no,star,154122,crit,crit
55,54,Denzel Washington,Tom Biordi,He*starred*in well-received*dramas.,Tom Biordi is an American actor. He lives in Los Angeles.,Tom Biordi*is*an American*actor.*He*lives*in Los Angeles.,"He*starred*in well-received*dramas,*as stated on*Wikipedia.","Denzel Washington*starred*in well-received*dramas,*as stated on*Wikipedia.",His ,4,He,starred,in well-received,dramas,in his career,as stated on,Wikipedia,0,in well-received dramas in his career.,He starred in well-received dramas in his career.,Denzel Washington,17,male,alive,dead,critical,PS,livingPS,1,yes,star,154024,crit,crit
56,54,Denzel Washington,Tom Biordi,He*has starred*in well-received*dramas.,Tom Biordi is an American actor. He lives in Los Angeles.,Tom Biordi*is*an American*actor.*He*lives*in Los Angeles.,"He*has starred*in well-received*dramas,*as stated on*Wikipedia.","Denzel Washington*has starred*in well-received*dramas,*as stated on*Wikipedia.",,4,He,has starred,in well-received,dramas,in his career,as stated on,Wikipedia,0,in well-received dramas in his career.,He has starred in well-received dramas in his career.,Denzel Washington,17,male,alive,dead,critical,PP,livingPP,4,yes,star,154013,crit,crit
57,57,Abraham Lincoln,Alex Bozinovski,He*has won*important*elections.,"Alex Bozinovski was an American politician. He died in Washington, D.C..","Alex Bozinovski*was*an American*politician.*He*died*in Washington, D.C..","He*has won*important*elections,*as reported by*his memoir.","Abraham Lincoln*has won*important*elections,*as reported by*his memoir.",,4,He,has won,important,elections,through the years,as reported by,his memoir,0,important elections through the years.,He has won important elections through the years.,Abraham Lincoln,15,male,dead,alive,critical,PP,deadPP,3,no,win,157113,crit,crit
58,57,Abraham Lincoln,Alex Bozinovski,He*won*important*elections.,"Alex Bozinovski was an American politician. He died in Washington, D.C..","Alex Bozinovski*was*an American*politician.*He*died*in Washington, D.C..","He*won*important*elections,*as reported by*his memoir.","Abraham Lincoln*won*important*elections,*as reported by*his memoir.",,4,He,won,important,elections,through the years,as reported by,his memoir,0,important elections through the years.,He won important elections through the years.,Abraham Lincoln,15,male,dead,alive,critical,PS,deadPS,4,no,win,157124,crit,crit
59,57,Vladimir Putin,Alex Bozinovski,He*has won*important*elections.,Alex Bozinovski is a Russian politician. He lives near Moscow.,Alex Bozinovski*is*a Russian*politician.*He*lives*near Moscow.,"He*has won*important*elections,*as reported by*his memoir.","Vladimir Putin*has won*important*elections,*as reported by*his memoir.",,4,He,has won,important,elections,through the years,as reported by,his memoir,0,important elections through the years.,He has won important elections through the years.,Vladimir Putin,14,male,alive,dead,critical,PP,livingPP,1,yes,win,157011,crit,crit
60,57,Vladimir Putin,Alex Bozinovski,He*won*important*elections.,Alex Bozinovski is a Russian politician. He lives near Moscow.,Alex Bozinovski*is*a Russian*politician.*He*lives*near Moscow.,"He*won*important*elections,*as reported by*his memoir.","Vladimir Putin*won*important*elections,*as reported by*his memoir.",,4,He,won,important,elections,through the years,as reported by,his memoir,0,important elections through the years.,He won important elections through the years.,Vladimir Putin,14,male,alive,dead,critical,PS,livingPS,2,yes,win,157022,crit,crit
61,63,Margaret Thatcher,Marilyn Ramsay,She*won*well-deserved*re-elections.,Marilyn Ramsay was a British politician. She died in London.,Marilyn Ramsay*was*a British*politician.*She*died*in London.,"She*won*well-deserved*re-elections,*so her*biography states.","Margaret Thatcher*won*well-deserved*re-elections,*so her*biography states.",Her first term as prime minister was made history.,4,She,won,well-deserved,re-elections,over time,so her,biography states,0,well-deserved re-elections over time.,She won well-deserved re-elections over time.,Margaret Thatcher,17,female,dead,alive,critical,PS,deadPS,1,no,win,163123,crit,crit
62,63,Margaret Thatcher,Marilyn Ramsay,She*has won*well-deserved*re-elections.,Marilyn Ramsay was a British politician. She died in London.,Marilyn Ramsay*was*a British*politician.*She*died*in London.,"She*has won*well-deserved*re-elections,*so her*biography states.","Margaret Thatcher*has won*well-deserved*re-elections,*so her*biography states.",Her first term as prime minister was made history.,4,She,has won,well-deserved,re-elections,over time,so her,biography states,0,well-deserved re-elections over time.,She has won well-deserved re-elections over time.,Margaret Thatcher,17,female,dead,alive,critical,PP,deadPP,4,no,win,163114,crit,crit
63,63,Jacinda Arden,Marilyn Ramsay,She*has won*well-deserved*re-elections.,Marilyn Ramsay is a New Zealand politician. She lives in Wellington.,Marilyn Ramsay*is*a New Zealand*politician.*She*lives*in Wellington.,"She*has won*well-deserved*re-elections,*so her*biography states.","Jacinda Arden*has won*well-deserved*re-elections,*so her*biography states.",Her first term as prime minister was made history.,4,She,has won,well-deserved,re-elections,over time,so her,biography states,0,well-deserved re-elections over time.,She has won well-deserved re-elections over time.,Jacinda Arden,13,female,alive,dead,critical,PP,livingPP,2,yes,win,163012,crit,crit
64,63,Jacinda Arden,Marilyn Ramsay,She*won*well-deserved*re-elections.,Marilyn Ramsay is a New Zealand politician. She lives in Wellington.,Marilyn Ramsay*is*a New Zealand*politician.*She*lives*in Wellington.,"She*won*well-deserved*re-elections,*so her*biography states.","Jacinda Arden*won*well-deserved*re-elections,*so her*biography states.",Her first term as prime minister was made history.,4,She,won,well-deserved,re-elections,over time,so her,biography states,0,well-deserved re-elections over time.,She won well-deserved re-elections over time.,Jacinda Arden,13,female,alive,dead,critical,PS,livingPS,3,yes,win,163021,crit,crit
65,65,Alfred Hitchcock,Doug Milligan,He*has written*important*box office hits.,Doug Milligan was a British director. He died in Los Angeles.,Doug Milligan*was*a British*director.*He*died*in Los Angeles.,"He*has written*important*box office hits,*according to*Wikipedia.","Alfred Hitchcock*has written*important*box office hits,*according to*Wikipedia.",His productions quickly became classics.,4,He,has written,important,box office hits,in his lifetime,according to,Wikipedia,0,important box office hits in his lifetime.,He has written important box office hits in his lifetime.,Alfred Hitchcock,16,male,dead,alive,critical,PP,deadPP,1,no,write,165113,crit,crit
66,65,Alfred Hitchcock,Doug Milligan,He*wrote*important*box office hits.,Doug Milligan was a British director. He died in Los Angeles.,Doug Milligan*was*a British*director.*He*died*in Los Angeles.,"He*wrote*important*box office hits,*according to*Wikipedia.","Alfred Hitchcock*wrote*important*box office hits,*according to*Wikipedia.",His productions quickly became classics.,4,He,wrote,important,box office hits,in his lifetime,according to,Wikipedia,0,important box office hits in his lifetime.,He wrote important box office hits in his lifetime.,Alfred Hitchcock,16,male,dead,alive,critical,PS,deadPS,2,no,write,165124,crit,crit
67,65,Steven Spielberg,Doug Milligan,He*has written*important*box office hits.,Doug Milligan is an American director. He lives in Los Angeles.,Doug Milligan*is*an American*director.*He*lives*in Los Angeles.,"He*has written*important*box office hits,*according to*Wikipedia.","Steven Spielberg*has written*important*box office hits,*according to*Wikipedia.",His productions quickly became classics.,4,He,has written,important,box office hits,in his lifetime,according to,Wikipedia,0,important box office hits in his lifetime.,He has written important box office hits in his lifetime.,Steven Spielberg,16,male,alive,dead,critical,PP,livingPP,3,yes,write,165011,crit,crit
68,65,Steven Spielberg,Doug Milligan,He*wrote*important*box office hits.,Doug Milligan is an American director. He lives in Los Angeles.,Doug Milligan*is*an American*director.*He*lives*in Los Angeles.,"He*wrote*important*box office hits,*according to*Wikipedia.","Steven Spielberg*wrote*important*box office hits,*according to*Wikipedia.",His productions quickly became classics.,4,He,wrote,important,box office hits,in his lifetime,according to,Wikipedia,0,important box office hits in his lifetime.,He wrote important box office hits in his lifetime.,Steven Spielberg,16,male,alive,dead,critical,PS,livingPS,4,yes,write,165022,crit,crit
69,68,John Lennon,Cal MacCaull,He*has written*well-known*folk songs.,Cal MacCaull was a British singer. He died in New York.,Cal MacCaull*was*a British*singer.*He*died*in New York.,"He*has written*well-known*folk songs,*as stated in*his memoir.","John Lennon*has written*well-known*folk songs,*as stated in*his memoir.",His contributions to the Beatles were enourmous.,4,He,has written,well-known,folk songs,in his career,as stated in,his memoir,0,well-known folk songs in his career.,He has written well-known folk songs in his career.,John Lennon,11,male,dead,alive,critical,PP,deadPP,2,no,write,168112,crit,crit
70,68,John Lennon,Cal MacCaull,He*wrote*well-known*folk songs.,Cal MacCaull was a British singer. He died in New York.,Cal MacCaull*was*a British*singer.*He*died*in New York.,"He*wrote*well-known*folk songs,*as stated in*his memoir.","John Lennon*wrote*well-known*folk songs,*as stated in*his memoir.",His contributions to the Beatles were enourmous.,4,He,wrote,well-known,folk songs,in his career,as stated in,his memoir,0,well-known folk songs in his career.,He wrote well-known folk songs in his career.,John Lennon,11,male,dead,alive,critical,PS,deadPS,3,no,write,168121,crit,crit
71,68,Paul McCartney,Cal MacCaull,He*wrote*well-known*folk songs.,Cal MacCaull is a British singer. He lives in New York.,Cal MacCaull*is*a British*singer.*He*lives*in New York.,"He*wrote*well-known*folk songs,*as stated in*his memoir.","Paul McCartney*wrote*well-known*folk songs,*as stated in*his memoir.",His contributions to the Beatles were enourmous.,4,He,wrote,well-known,folk songs,in his career,as stated in,his memoir,0,well-known folk songs in his career.,He wrote well-known folk songs in his career.,Paul McCartney,14,male,alive,dead,critical,PS,livingPS,1,yes,write,168023,crit,crit
72,68,Paul McCartney,Cal MacCaull,He*has written*well-known*folk songs.,Cal MacCaull is a British singer. He lives in New York.,Cal MacCaull*is*a British*singer.*He*lives*in New York.,"He*has written*well-known*folk songs,*as stated in*his memoir.","Paul McCartney*has written*well-known*folk songs,*as stated in*his memoir.",His contributions to the Beatles were enourmous.,4,He,has written,well-known,folk songs,in his career,as stated in,his memoir,0,well-known folk songs in his career.,He has written well-known folk songs in his career.,Paul McCartney,14,male,alive,dead,critical,PP,livingPP,4,yes,write,168014,crit,crit
73,76,Winston Churchill,Gino Nardozi,He*has worked*with important*world leaders.,Gino Nardozi was a British politician. He died in London.,Gino Nardozi*was*a British*politician.*He*died*in London.,"He*has worked*with important*world leaders,*as reported by*his biographer.","Winston Churchill*has worked*with important*world leaders,*as reported by*his biographer.",His time as prime minister had several controversies.,4,He,has worked,with important,world leaders,through the years,as reported by,his biographer,0,with important world leaders through the years.,He has worked with important world leaders through the years.,Winston Churchill,17,male,dead,alive,critical,PP,deadPP,3,no,work,176112,crit,crit
74,76,Winston Churchill,Gino Nardozi,He*worked*with important*world leaders.,Gino Nardozi was a British politician. He died in London.,Gino Nardozi*was*a British*politician.*He*died*in London.,"He*worked*with important*world leaders,*as reported by*his biographer.","Winston Churchill*worked*with important*world leaders,*as reported by*his biographer.",His time as prime minister had several controversies.,4,He,worked,with important,world leaders,through the years,as reported by,his biographer,0,with important world leaders through the years.,He worked with important world leaders through the years.,Winston Churchill,17,male,dead,alive,critical,PS,deadPS,4,no,work,176121,crit,crit
75,76,Silvio Berlusconi,Gino Nardozi,He*has worked*with important*world leaders.,Gino Nardozi is an Italian politician. He lives in Arcore.,Gino Nardozi*is*an Italian*politician.*He*lives*in Arcore.,"He*has worked*with important*world leaders,*as reported by*his biographer.","Silvio Berlusconi*has worked*with important*world leaders,*as reported by*his biographer.",His time as prime minister had several controversies.,4,He,has worked,with important,world leaders,through the years,as reported by,his biographer,0,with important world leaders through the years.,He has worked with important world leaders through the years.,Silvio Berlusconi,17,male,alive,dead,critical,PP,livingPP,1,yes,work,176014,crit,crit
76,76,Silvio Berlusconi,Gino Nardozi,He*worked*with important*world leaders.,Gino Nardozi is an Italian politician. He lives in Arcore.,Gino Nardozi*is*an Italian*politician.*He*lives*in Arcore.,"He*worked*with important*world leaders,*as reported by*his biographer.","Silvio Berlusconi*worked*with important*world leaders,*as reported by*his biographer.",His time as prime minister had several controversies.,4,He,worked,with important,world leaders,through the years,as reported by,his biographer,0,with important world leaders through the years.,He worked with important world leaders through the years.,Silvio Berlusconi,17,male,alive,dead,critical,PS,livingPS,2,yes,work,176023,crit,crit
77,80,Princess Diana,Hannah Crawford,She*worked*with important*charities.,Hannah Crawford was a British royal. She died in Paris.,Hannah Crawford*was*a British*royal.*She*died*in Paris.,"She*worked*with important*charities,*so her*website states.","Princess Diana*worked*with important*charities,*so her*website states.",Her wedding was broadcast internationally.,4,She,worked,with important,charities,over time,so her,website states,0,with important charities over time.,She worked with important charities over time.,Princess Diana,14,female,dead,alive,critical,PS,deadPS,1,no,work,180121,crit,crit
78,80,Princess Diana,Hannah Crawford,She*has worked*with important*charities.,Hannah Crawford was a British royal. She died in Paris.,Hannah Crawford*was*a British*royal.*She*died*in Paris.,"She*has worked*with important*charities,*so her*website states.","Princess Diana*has worked*with important*charities,*so her*website states.",Her wedding was broadcast internationally.,4,She,has worked,with important,charities,over time,so her,website states,0,with important charities over time.,She has worked with important charities over time.,Princess Diana,14,female,dead,alive,critical,PP,deadPP,4,no,work,180112,crit,crit
79,80,Kate Middleton,Hannah Crawford,She*has worked*with important*charities.,Hannah Crawford is a British royal. She lives in London.,Hannah Crawford*is*a British*royal.*She*lives*in London.,"She*has worked*with important*charities,*so her*website states.","Kate Middleton*has worked*with important*charities,*so her*website states.",Her wedding was broadcast internationally.,4,She,has worked,with important,charities,over time,so her,website states,0,with important charities over time.,She has worked with important charities over time.,Kate Middleton,14,female,alive,dead,critical,PP,livingPP,2,yes,work,180014,crit,crit
80,80,Kate Middleton,Hannah Crawford,She*worked*with important*charities.,Hannah Crawford is a British royal. She lives in London.,Hannah Crawford*is*a British*royal.*She*lives*in London.,"She*worked*with important*charities,*so her*website states.","Kate Middleton*worked*with important*charities,*so her*website states.",Her wedding was broadcast internationally.,4,She,worked,with important,charities,over time,so her,website states,0,with important charities over time.,She worked with important charities over time.,Kate Middleton,14,female,alive,dead,critical,PS,livingPS,3,yes,work,180023,crit,crit
81,86,Chiwetel Ejiofor,Chiwetel Ejiofor,He*was*nominated for*an Oscar.,Chiwetel Ejiofor is an English actor. He lives in London.,Chiwetel Ejiofor*is*an English*actor.*He*lives*in London.,"He*was*nominated for*an Oscar,*as seen on*social media.","Chiwetel Ejiofor*was*nominated for*an Oscar,*as seen on*social media.",,4,filler,filler,filler,filler,filler,as seen on,social media,filler,filler,filler,Chiwetel Ejiofor,16,male,alive,dead,filler,pastpass,filler,999,yes,be,986193,filler,filler
82,93,Josh Milligan,Josh Milligan,She*is*the recipient*of many*accolades.,"Adam Driver is an American actor. He lives in Brooklyn, New York.","Adam Driver*is*an American*actor.*He*lives*in Brooklyn, New York.","She*is*the recipient*of many*accolades,*as seen on*social media.","Adam Driver*is*the recipient*of many*accolades,*as seen on*social media.",,5,filler,filler,filler,filler,filler,as seen on,social media,filler,filler,filler,Adam Driver,11,male,alive,dead,filler,pres,gender,999,no,be,993193,filler,filler
83,95,Ricci Romano,Ricci Romano,She*had*supporting*roles*in several*sitcoms.,Jerry Stiller was an American actor. He died in Manhattan.,Jerry Stiller*was*an American*actor.*He*died*in Manhattan.,"She*had*supporting*roles*in several*sitcoms,*as reported by*the media.","Jerry Stiller*had*supporting*roles*in several*sitcoms,*as reported by*the media.",,6,filler,filler,filler,filler,filler,as reported by,the media,filler,filler,filler,Jerry Stiller,13,male,dead,alive,filler,past,gender,999,no,have,995093,filler,filler
84,97,Victoria Collins,Victoria Collins,She*lives*in Washington.,Ruth Bader Ginsberg was a justice of the American Supreme Court. She died in 2020.,Ruth Bader Ginsberg*was*a justice of*the American*Supreme Court.*She*died*in 2020.,"She*lives*in Washington,*according to*news reports.","Ruth Bader Ginsburg*lives*in Washington,*according to*news reports.",,3,filler,filler,filler,filler,filler,according to,news reports,filler,filler,filler,Ruth Bader Ginsburg,19,female,dead,alive,filler,past,diedlives,999,no,live,997193,filler,filler
85,98,Susan Tyne,Susan Tyne,She*was*married*to Aristotle Onassis.,Jackie Onassis was a former first lady of the United States. She died in New York City.,Jackie Onassis*was*a former first lady*of the United States.*She*died*in New York City.,"She*was*married*to Aristotle Onassis,*as reported by*the media.","Jackie Onassis*was*married*to Aristotle Onassis,*as reported by*the media.",,4,filler,filler,filler,filler,filler,as reported by,the media,filler,filler,filler,Jackie Onassis,14,female,dead,alive,filler,past,filler,999,yes,be,998193,filler,filler
86,102,Stephen Fry,Stephen Fry,His career*has spanned*many*decades.,Stephen Fry is an English actor and writer. He was born in London.,Stephen Fry*is*an English*actor and writer.*He*was born*in London.,"His career*has spanned*many*decades,*as seen on*social media.","Stephen Fry's*career*has spanned*many*decades,*as seen on*social media.",,4,filler,filler,filler,filler,filler,as seen on,social media,filler,filler,filler,Stephen Fry,11,male,alive,dead,filler,PP,filler,999,yes,span,9102193,filler,filler
87,106,Jonathon Wah,Jonathon Wah,He*died*in Toronto.,Jonathan Wah is a Canadian politician. He lives in Ottawa.,Jonathan Wah*is*a Canadian*politician.*He*lives*in Ottawa.,"He*died*in Toronto,*as seen on*social media.","Johnathon Wah*died*in Toronto,*as seen on*social media.",,3,filler,filler,filler,filler,filler,as seen on,social media,filler,filler,filler,Jonathon Wah,12,male,alive,dead,filler,pres,livesdied,999,no,be,9106193,filler,filler
88,107,Greg and Gabe,Greg and Gabe,He*was*known*for his slapstick*style of humour.,Laurel and Hardy were an American-British comedy duo. ,Laurel and Hardy*were*an American-British*comedy duo.*,"He*was*known*for his slapstick*style of humour,*according to*news reports.","Laurel and Hardy*was*known*for his slapstick*style of humour,*according to*news reports.",,5,filler,filler,filler,filler,filler,according to,news reports,filler,filler,filler,Laurel and Hardy,16,plural,dead,alive,filler,pastpass,number,999,no,be,9107093,filler,filler
89,114,Phoebe Waller-Bridge,Phoebe Waller-Bridge,She*has been*praised*for her writing.,Phoebe Waller-Bridge is an English actor and writer. She was born in London.,Phoebe Waller-Bridge*is*an English*actor and writer.*She*was born*in London.,"She*has been*praised*for her writing,*as seen on*social media.","Phoebe Waller-Bridge*has been*praised*for her writing,*as seen on*social media.",,4,filler,filler,filler,filler,filler,as seen on,social media,filler,filler,filler,Phoebe Waller-Bridge,20,female,alive,dead,filler,prespass,filler,999,yes,praised,9114193,filler,filler
90,120,Alan Turing,Alan Turing,He*contributed*to several*top secret*projects.,Alan Turing was an English mathematician. He died in 1954.,Alan Turing*was*an English*mathematician.*He died*in 1954.,"He*contributed*to several*top secret*projects,*according to*news reports.","Alan Turing*contributed*to several*top secret*projects,*according to*news reports.",,5,filler,filler,filler,filler,filler,according to,news reports,filler,filler,filler,Alan Turing,11,male,dead,alive,filler,past,filler,999,yes,contribute,9120093,filler,filler
91,125,Charles Dickens,Charles Dickens,She*was*applauded for*writing*'Oliver Twist'.,Charles Dickens was an English writer. He was born in Portsmouth.,Charles Dickens*was*an English*writer.*He*was born*in Portsmouth.,"She*was*applauded for*writing*'Oliver Twist',*according to*news reports.","Charles Dickens*was*applauded for*writing*'Oliver Twist',*according to*news reports.",,5,filler,filler,filler,filler,filler,according to,news reports,filler,filler,filler,Charles Dickens,15,male,dead,alive,filler,pastpass,gender,999,no,be,9125193,filler,filler
92,127,Alexander McQueen,Alexander McQueen,He*lives*in London.,Alexander McQueen was a British fashion designer. He died in 2010.,Alexander McQueen*was*a British*fashion designer.*He*died*in 2010.,"He*lives*in London,*according to*news reports.","Alenxander McQueen*lives*in London,*according to*news reports.",,3,filler,filler,filler,filler,filler,according to,news reports,filler,filler,filler,Alexander McQueen,17,male,dead,alive,filler,pastpass,diedlives,999,no,be,9127093,filler,filler
93,130,Anna Sora,Anna Sora,She*was*married*to Frank Sinatra.,Ava Gardner was an American actor. She died in London.,Ava Gardner*was*an American*actor.*She*died*in London.,"She*was*married*to Frank Sinatra,*as reported by*the media.","Ava Gardner*was*married*to Frank Sinatra,*as reported by*the media.",,4,filler,filler,filler,filler,filler,as reported by,the media,filler,filler,filler,Ava Gardner,11,female,dead,alive,filler,past,filler,999,yes,be,9130193,filler,filler
94,135,Ant and Dec,Ant and Dec,He*has hosted*many*shows.,Ant and Dec are a TV presenting duo. They are from Newcastle.,Ant and Dec*are*a TV presenting*duo.*They*are*from Newcastle.,"He*has hosted*many*shows,*if one believes*Twitter.","Ant and Dec*has hosted*many*shows,*if one believes*Twitter.",,4,filler,filler,filler,filler,filler,if one believes,Twitter,filler,filler,filler,Ant and Dec,11,plural,alive,dead,filler,PS,number,999,no,host,9135093,filler,filler
95,150,David Tennant,David Tennant,He*is*best known*for his role*in*'Doctor Who'.,David Tennant is a Scottish actor. He was born in Bathgate.,David Tennant*is*a Scottish*actor.*He*was born*in Bathgate.,"He*is*best known*for his role*in*'Doctor Who',*as is*well-known.","David Tennant*is*best known*for his role*in*'Doctor Who',*as is*well-known.",,6,filler,filler,filler,filler,filler,as is,well-known,filler,filler,filler,David Tennant,13,male,alive,dead,filler,PresPass,yes,999,yes,be,9150193,filler,filler
96,154,Charlotte Arnold,Charlotte Arnold,She*died*in Kentucky.,Charlotte Arnold is a Canadian actor. She lives in Toronto.,Charlotte Arnold*is*a Canadian*actor.*She*lives*in Toronto.,"She*died*in Kentucky,*as is*well-known.","Charlotte Arnold*died*in Kentucky,*as is*well-known.",,3,filler,filler,filler,filler,filler,as is,well-known,filler,filler,filler,Charlotte Arnold,16,female,alive,dead,filler,pres,livesdied,999,no,be,9154193,filler,filler
97,159,Idris Elba,Idris Elba,He*is*married to*Emily Blunt.,John Krasinski is an American actor. He was born in Boston.,John Krasinski*is*an American*actor.*He*was born*in Boston.,"He*is*married to*Emily Blunt,*as is*well-known.","Idris Elba*is*married to*Emily Blunt,*as is*well-known.",,4,filler,filler,filler,filler,filler,as is,well-known,filler,filler,filler,Idris Elba,10,male,alive,dead,filler,pres,filler,999,yes,be,9159093,filler,filler
98,165,Chicago Bulls,Chicago Bulls,They*are*based*in Miami.,The Chicago Bulls are an American basketball team. They were founded in 1966.,The Chicago Bulls*are*an American*basketball team.*They*were founded*in 1966.,"They*are*based*in Miami,*if one believes*Twitter.","The Chicago Bulls*are*based*in Miami,*if one believes*Twitter.",,4,filler,filler,filler,filler,filler,if one believes,Twitter,filler,filler,filler,Chicago Bulls,13,plural,alive,dead,filler,Pres,place,999,no,be,9165193,filler,filler
99,170,Queen,Queen,They*had*numerous*number*one hits.,Queen were a British rock band. They formed in London in 1970.,Queen*were*a British*rock band.*They*formed*in London*in 1970.,"They*had*numerous*number*one hits,*so it's*said.","Queen*had*numerous*number*one hits,*so it's*said.",,5,filler,filler,filler,filler,filler,so it's,said,filler,filler,filler,Queen,5,plural,dead,alive,filler,past,filler,999,yes,have,9170193,filler,filler
100,174,Alex Trebek,Alex Trebek,She*hosted*the gameshow*'Jeopardy!'*for decades.,Alex Trebek was a Canadian-American gameshow host. He died in 2020.,Alex Trebek*was*a Canadian-American*gameshow host.*He*died*in 2020.,"She*hosted*the gameshow*'Jeopardy!'*for decades,*as reported by*the media.","Alex Trebek*hosted*the gameshow*'Jeopardy!'*for decades,*as reported by*the media.",,5,filler,filler,filler,filler,filler,as reported by,the media,filler,filler,filler,Alex Trebek,11,male,dead,alive,filler,past,gender,999,no,host,9174193,filler,filler
101,175,Manchester United,Manchester United,They*are*the world's*most valuable*football brand.,Manchester United F.C. is an English football club. They are based in Manchester.,Manchester United F.C.*is*an English*football club.*They*are*based in Manchester.,"They*are*the world's*most valuable*football brand,*if one believes*Twitter.","Manchester United*are*the world's*most valuable*football brand,*if one believes*Twitter.",,5,filler,filler,filler,filler,filler,if one believes,Twitter,filler,filler,filler,Manchester United,17,plural,alive,dead,filler,Press,filler,999,yes,be,9175093,filler,filler
102,176,John Boyega,John Boyega,She*is*known*for her role in*'Star Wars'.,John Boyega is an English-Nigerian actor. He lives in London.,John Boyega*is*an English-Nigerian*actor.*He*lives*in London.,"She*is*known*for her role in*'Star Wars',*as is*well-known.","John Boyega*is*known*for her role in*'Star Wars',*as is*well-known.",,5,filler,filler,filler,filler,filler,as is,well-known,filler,filler,filler,John Boyega,11,male,alive,dead,filler,prespass,gender,999,no,be,9176093,filler,filler
103,177,The Beatles,The Beatles,He*was*adored*by many*teenage fans.,The Beatles were a British rock band formed in Liverpool. They disbanded in 1970.,The Beatles*were*a British*rock band*formed*in Liverpool.*They*disbanded*in 1970.,"He*was*adored*by many*teenage fans,*so it's*said.","The Beatles*was*adored*by many*teenage fans,*so it's*said.",,5,filler,filler,filler,filler,filler,so it's,said,filler,filler,filler,The Beatles,11,plural,dead,alive,filler,pastpass,number,999,no,be,9177193,filler,filler
104,193,Vacouver Grizzlies,Vacouver Grizzlies,"In 2001,*the team*relocated*to Memphis,*Tennessee.",The Vancouver Grizzlies were a Canadian basketball team.,The Vancouver Grizzlies*were*a Canadian*basketball team.,"In 2001,*the team*relocated*to Memphis,*Tennessee,*so it's*said.","The Vancouver GrizzliesIn 2001,*the team*relocated*to Memphis,*Tennessee,*so it's*said.",,5,filler,filler,filler,filler,filler,so it's,said,filler,filler,filler,Vacouver Grizzlies,18,plural,dead,alive,filler,past,filler,999,yes,relocate,9193193,filler,filler
105,194,Franca Ellis,Franca Ellis,She*was*an original*cast member*on*'Charlie's Angels'.,Farrah Fawcett was an American actor. She died in Santa Monica.,Farrah Fawcett*was*an American*actor.*She*died*in Santa Monica.,"She*was*an original*cast member*on*'Charlie's Angels',*as reported by*the media.","Farrah Fawcett*was*an original*cast member*on*'Charlie's Angels',*as reported by*the media.",,6,filler,filler,filler,filler,filler,as reported by,the media,filler,filler,filler,Farrah Fawcett,14,female,dead,alive,filler,past,filler,999,yes,be,9194193,filler,filler
106,196,Stacy Reiner,Stacy Reiner,He*is*known*for his work*in Hollywood classics.,Sophia Loren is an Italian actor. She lives in Geneva.,Sophia Loren*is*an Italian*actor.*She*lives*in Geneva.,"He*is*known*for his work*in Hollywood classics,*as is*well-known.","Sophia Loren*is*known*for his work*in Hollywood classics,*as is*well-known.",,5,filler,filler,filler,filler,filler,as is,well-known,filler,filler,filler,Sophia Loren,12,female,alive,dead,filler,prespass,gender,999,no,be,9196093,filler,filler
107,198,Scarborough F.C.,Scarborough F.C.,They*were*dissolved*in 2007.,Scarborough F.C. were an English football club. They were based in North Yorkshire.,Scarborough F.C.*were*an English*football club.*They*were*based in*North Yorkshire.,"They*were*dissolved*in 2007,*so it's*said.","Scarborough F.C.*were*dissolved*in 2007,*so it's*said.",,4,filler,filler,filler,filler,filler,so it's,said,filler,filler,filler,Scarborough F.C.,16,plural,dead,alive,filler,pastpass,filler,999,yes,be,9198193,filler,filler
108,199,Bangtan Boys,Bangtan Boys,He*has achieved*worldwide*success.,Bangtan Boys are a South Korean pop band. The band has seven members.,Bangtan Boys*are*a South Korean*pop band.*The band has seven members.,"He*has achieved*worldwide*success,*if one believes*Twitter.","Bangtan Boys*has achieved*worldwide*success,*if one believes*Twitter.",,4,filler,filler,filler,filler,filler,if one believes,Twitter,filler,filler,filler,Bangtan Boys,12,plural,alive,dead,filler,PP,number,999,no,achieve,9199093,filler,filler
109,201,Spice Girls,Spice Girls,They*had*several*successful*world tours.,The Spice Girls were an English pop group formed in the 1990's.,The Spice Girls*were*an English*pop group*formed*in the 1990's.,"They*had*several*successful*world tours,*so it's*said.","The Spice Girls*had*several*successful*world tours,*so it's*said.",,5,filler,filler,filler,filler,filler,so it's,said,filler,filler,filler,Spice Girls,11,plural,dead,alive,filler,past,filler,999,yes,have,9201193,filler,filler
110,204,Real Madrid,Real Madrid,The team*was*founded*in 1902.,Real Madrid C.F. is a Spanish football club. They are based in Madrid.,Real Madrid C.F.*is*a Spanish*football club.*They*are*based in Madrid.,"The team*was*founded*in 1902,*if one believes*Twitter.","Real Madrid*was*founded*in 1902,*if one believes*Twitter.",,4,filler,filler,filler,filler,filler,if one believes,Twitter,filler,filler,filler,Real Madrid,11,plural,alive,dead,filler,past,filler,999,yes,be,9204093,filler,filler
111,209,Ian McEwan,Ian McEwan,Many of his*novels*have been adapted*into films.,Ian McEwan is a British novelist. He has been married twice.,Ian McEwan*is*a British*novelist.*He*has been*married*twice.,"Many of his*novels*have been adapted*into films,*according to*news reports.","Many of*Ian McEwan's*novels*have been adapted*into films,*according to*news reports.",,4,practice,practice,practice,practice,practice,according to,news reports,practice,practice,practice,Ian McEwan,10,male,alive,dead,practice,PP,no,111,yes,adapt,209p,Right!<p>The sentence was fine.,Hmm..<p>The last sentence fit well with the first sentences. You should have responded 'yes'.
112,210,Pierre Gatineau,Pierre Gatineau,He*is well-known*in French speaking*countries.,Pierre Gatineau is a Canadian rapper. He lives in Montréal.,Pierre Gatineau*is*a Canadian*rapper.*He*lives*in Montréal.,"He*is well-known*in French speaking*countries,*as seen on*Twitter.","Pierre Gatineau*is well-known*in French speaking*countries,*as seen on*Twitter.",,4,practice,practice,practice,practice,practice,as seen on,Twitter,practice,practice,practice,Pierre Gatineau,15,female,dead,alive,practice,Pres,no,111,yes,be,210p,Right!<p>The sentence was fine.,Hmm..<p>The last sentence fit well with the first sentences. You should have responded 'yes'.
113,211,Chloe Masterson,Chloe Masterson,She*is currently*recording*a new album.,"Before her death in 2009, Chloe Masterson was an American singer.","Before*her death*in 2009,*Chloe Masterson*was*an American*singer.","She*is currently*recording*a new album,*so it's*said.","Chloe Masterson*is currently*recording*a new album,*so it's*said.",,4,practice,practice,practice,practice,practice,so it's,said,practice,practice,practice,Chloe Masterson,15,male,alive,dead,practice,Pres,yes,111,no,be,211p,"Right!<p>The sentence does not fit, because she died and therefore cannot be currently doing something.",Hmm...You should have said 'no'. <p>She can't be currently working on an album if she died!
114,212,Toni Morrison,Toni Morrison,She*was awarded*the Nobel Prize*in Literature.,Toni Morrison was an American novelist from Ohio.,Toni Morrison*was*an American*novelist*from Ohio.,"She*was awarded*the Nobel Prize*in Literature,*as stated in*her memoir.","Toni Morrison*was awarded*the Nobel Prize*in Literature,*as stated in*her memoir.",,4,practice,practice,practice,practice,practice,as stated in,her memoir,practice,practice,practice,Toni Morrison,13,female,dead,alive,practice,Passive,no,111,yes,award,212p,Right!<p>The sentence was fine.,Hmm..<p>The last sentence fit well with the first sentences. You should have responded 'yes'.
115,213,William Shakespeare,William Shakespeare,He*lives*in Stratford-upon-Avon.,William Shakespeare was an English playwright. He died in 1616.,William Shakespeare*was*an English*playwright.*He*died*in 1616.,"He*lives*in Stratford-upon-Avon,*if one believes*Wikipedia.","William Shakespeare*lives*in Stratford-upon-Avon,*if one believes*Wikipedia.",,3,practice,practice,practice,practice,practice,if one believes,Wikipedia,practice,practice,practice,William Shakespeare,19,female,dead,alive,practice,Pres,yes,111,no,live,213p,Right!<p>Shakespeare doesn't live anywhere anymore!,Hmm...you should've said 'no'.<p>Shakespeare doesn't live anywhere anymore!
